{"cameraMode":{"drawMode":0,"name":"Shaded","section":"Shading Mode"},"sceneLighting":false,"audioPlay":false,"sceneViewState":{"m_AlwaysRefresh":false,"showFog":true,"showSkybox":false,"showFlares":true,"showImageEffects":true,"showParticleSystems":true,"showVisualEffectGraphs":true,"m_FxEnabled":true},"in2DMode":false,"pivot":{"x":0.13922083377838136,"y":0.2728537321090698,"z":-0.6844204664230347},"rotation":{"x":-0.15618088841438294,"y":-0.2839244604110718,"z":0.046929214149713519,"w":-0.9448832273483276},"size":0.8660253882408142,"orthographic":false}