{"cameraMode":{"drawMode":0,"name":"Shaded","section":"Shading Mode"},"sceneLighting":false,"audioPlay":false,"sceneViewState":{"m_AlwaysRefresh":false,"showFog":true,"showSkybox":false,"showFlares":true,"showImageEffects":true,"showParticleSystems":true,"showVisualEffectGraphs":true,"m_FxEnabled":true},"in2DMode":false,"pivot":{"x":0.6648017764091492,"y":0.20864751935005189,"z":-0.7097831964492798},"rotation":{"x":-0.08652280271053314,"y":-0.2808772921562195,"z":0.02544865943491459,"w":-0.9555098414421082},"size":1.1806957721710206,"orthographic":false}