{"cameraMode":{"drawMode":0,"name":"Shaded","section":"Shading Mode"},"sceneLighting":true,"audioPlay":false,"sceneViewState":{"m_AlwaysRefresh":false,"showFog":true,"showSkybox":false,"showFlares":true,"showImageEffects":true,"showParticleSystems":true,"showVisualEffectGraphs":true,"m_FxEnabled":true},"in2DMode":false,"pivot":{"x":457.9197082519531,"y":533.19482421875,"z":8.534320831298829},"rotation":{"x":-0.013806667178869248,"y":-0.017400110140442849,"z":0.00024027336621657014,"w":-0.9997537732124329},"size":459.17303466796877,"orthographic":false}