{"cameraMode":{"drawMode":0,"name":"Shaded","section":"Shading Mode"},"sceneLighting":false,"audioPlay":false,"sceneViewState":{"m_AlwaysRefresh":false,"showFog":true,"showSkybox":false,"showFlares":true,"showImageEffects":true,"showParticleSystems":true,"showVisualEffectGraphs":true,"m_FxEnabled":true},"in2DMode":false,"pivot":{"x":-4.062103271484375,"y":0.2721429765224457,"z":0.030451297760009767},"rotation":{"x":-0.004809348378330469,"y":0.014096210710704327,"z":-0.00006819767440902069,"w":-0.9998924732208252},"size":1.3499999046325684,"orthographic":false}