{"cameraMode":{"drawMode":0,"name":"Shaded","section":"Shading Mode"},"sceneLighting":false,"audioPlay":false,"sceneViewState":{"m_AlwaysRefresh":false,"showFog":true,"showSkybox":false,"showFlares":true,"showImageEffects":true,"showParticleSystems":true,"showVisualEffectGraphs":true,"m_FxEnabled":true},"in2DMode":false,"pivot":{"x":-24.61495590209961,"y":19.325881958007814,"z":-0.426542192697525},"rotation":{"x":0.01316108275204897,"y":0.06654169410467148,"z":0.000877650105394423,"w":-0.9976909160614014},"size":0.8660253882408142,"orthographic":true}