{"cameraMode":{"drawMode":0,"name":"Shaded","section":"Shading Mode"},"sceneLighting":false,"audioPlay":false,"sceneViewState":{"m_AlwaysRefresh":false,"showFog":true,"showSkybox":false,"showFlares":true,"showImageEffects":true,"showParticleSystems":true,"showVisualEffectGraphs":true,"m_FxEnabled":true},"in2DMode":false,"pivot":{"x":0.6464216113090515,"y":0.9427887797355652,"z":-0.5497555732727051},"rotation":{"x":0.0820973664522171,"y":0.0035846130922436716,"z":0.00029507512226700783,"w":-0.9966201782226563},"size":1.7660253047943116,"orthographic":false}