{"cameraMode":{"drawMode":0,"name":"Shaded","section":"Shading Mode"},"sceneLighting":false,"audioPlay":false,"sceneViewState":{"m_AlwaysRefresh":false,"showFog":true,"showSkybox":false,"showFlares":true,"showImageEffects":true,"showParticleSystems":true,"showVisualEffectGraphs":true,"m_FxEnabled":true},"in2DMode":false,"pivot":{"x":7.8480377197265629,"y":0.2456808090209961,"z":-14.731246948242188},"rotation":{"x":-0.28314024209976199,"y":0.40462687611579897,"z":-0.13333074748516084,"w":-0.8592644333839417},"size":7.543309688568115,"orthographic":false}