{"cameraMode":{"drawMode":0,"name":"Shaded","section":"Shading Mode"},"sceneLighting":false,"audioPlay":false,"sceneViewState":{"m_AlwaysRefresh":false,"showFog":true,"showSkybox":false,"showFlares":true,"showImageEffects":true,"showParticleSystems":true,"showVisualEffectGraphs":true,"m_FxEnabled":true},"in2DMode":false,"pivot":{"x":-3.822327136993408,"y":0.2616223096847534,"z":-0.35830140113830569},"rotation":{"x":-0.02730644680559635,"y":0.0005970399943180382,"z":-0.000017219414075952955,"w":-0.9996318221092224},"size":1.0499999523162842,"orthographic":false}