{"cameraMode":{"drawMode":0,"name":"Shaded","section":"Shading Mode"},"sceneLighting":false,"audioPlay":false,"sceneViewState":{"m_AlwaysRefresh":false,"showFog":true,"showSkybox":false,"showFlares":true,"showImageEffects":true,"showParticleSystems":true,"showVisualEffectGraphs":true,"m_FxEnabled":true},"in2DMode":false,"pivot":{"x":-0.29065394401550295,"y":0.010502815246582032,"z":0.428115576505661},"rotation":{"x":-0.23360787332057954,"y":0.632023274898529,"z":-0.20826095342636109,"w":-0.7089463472366333},"size":3.2827582359313967,"orthographic":false}