{"cameraMode":{"drawMode":0,"name":"Shaded","section":"Shading Mode"},"sceneLighting":false,"audioPlay":false,"sceneViewState":{"m_AlwaysRefresh":false,"showFog":true,"showSkybox":false,"showFlares":true,"showImageEffects":true,"showParticleSystems":true,"showVisualEffectGraphs":true,"m_FxEnabled":true},"in2DMode":false,"pivot":{"x":-1.1887168884277344,"y":3.5048675537109377,"z":-1.5632307529449463},"rotation":{"x":-0.02691083587706089,"y":-0.16951631009578706,"z":0.004631031770259142,"w":-0.9851495027542114},"size":0.289339154958725,"orthographic":false}