{"cameraMode":{"drawMode":0,"name":"Shaded","section":"Shading Mode"},"sceneLighting":false,"audioPlay":false,"sceneViewState":{"m_AlwaysRefresh":false,"showFog":true,"showSkybox":false,"showFlares":true,"showImageEffects":true,"showParticleSystems":true,"showVisualEffectGraphs":true,"m_FxEnabled":true},"in2DMode":false,"pivot":{"x":1.8914213180541993,"y":-0.09674745798110962,"z":-0.6886310577392578},"rotation":{"x":0.01316108275204897,"y":0.06654169410467148,"z":0.000877650105394423,"w":-0.9976909160614014},"size":2.7904093265533449,"orthographic":true}