{"cameraMode":{"drawMode":0,"name":"Shaded","section":"Shading Mode"},"sceneLighting":false,"audioPlay":false,"sceneViewState":{"m_AlwaysRefresh":false,"showFog":true,"showSkybox":false,"showFlares":true,"showImageEffects":true,"showParticleSystems":true,"showVisualEffectGraphs":true,"m_FxEnabled":true},"in2DMode":false,"pivot":{"x":2.2087018489837648,"y":-0.6046242713928223,"z":0.054102227091789249},"rotation":{"x":0.01316108275204897,"y":0.06654169410467148,"z":0.000877650105394423,"w":-0.9976909160614014},"size":3.542027473449707,"orthographic":true}