{"cameraMode":{"drawMode":0,"name":"Shaded","section":"Shading Mode"},"sceneLighting":false,"audioPlay":false,"sceneViewState":{"m_AlwaysRefresh":false,"showFog":true,"showSkybox":false,"showFlares":true,"showImageEffects":true,"showParticleSystems":true,"showVisualEffectGraphs":true,"m_FxEnabled":true},"in2DMode":false,"pivot":{"x":-22.807653427124025,"y":-1.8481107950210572,"z":-0.3558844327926636},"rotation":{"x":-0.12001350522041321,"y":-0.009830907918512822,"z":0.0011886532884091139,"w":-0.9927210807800293},"size":2.902937412261963,"orthographic":false}