{"cameraMode":{"drawMode":0,"name":"Shaded","section":"Shading Mode"},"sceneLighting":false,"audioPlay":false,"sceneViewState":{"m_AlwaysRefresh":false,"showFog":true,"showSkybox":false,"showFlares":true,"showImageEffects":true,"showParticleSystems":true,"showVisualEffectGraphs":true,"m_FxEnabled":true},"in2DMode":false,"pivot":{"x":-5.683692932128906,"y":0.31691113114356997,"z":-0.2454671710729599},"rotation":{"x":0.31790590286254885,"y":-0.03071960248053074,"z":-0.010293001309037209,"w":-0.9475839138031006},"size":1.2172751426696778,"orthographic":false}