{"cameraMode":{"drawMode":0,"name":"Shaded","section":"Shading Mode"},"sceneLighting":false,"audioPlay":false,"sceneViewState":{"m_AlwaysRefresh":false,"showFog":true,"showSkybox":false,"showFlares":true,"showImageEffects":true,"showParticleSystems":true,"showVisualEffectGraphs":true,"m_FxEnabled":true},"in2DMode":false,"pivot":{"x":2.3924288749694826,"y":5.388260364532471,"z":-1.1190705299377442},"rotation":{"x":-0.012087554670870304,"y":-0.1887490451335907,"z":0.0023234300315380098,"w":-0.9819491505622864},"size":1.8073949813842774,"orthographic":false}