{"cameraMode":{"drawMode":0,"name":"Shaded","section":"Shading Mode"},"sceneLighting":false,"audioPlay":false,"sceneViewState":{"m_AlwaysRefresh":false,"showFog":true,"showSkybox":false,"showFlares":true,"showImageEffects":true,"showParticleSystems":true,"showVisualEffectGraphs":true,"m_FxEnabled":true},"in2DMode":false,"pivot":{"x":-3.9269332885742189,"y":-0.11912379413843155,"z":0.019082456827163698},"rotation":{"x":-0.14715848863124848,"y":0.12044801563024521,"z":-0.018054112792015077,"w":-0.9815923571586609},"size":1.0500833988189698,"orthographic":false}