{"cameraMode":{"drawMode":0,"name":"Shaded","section":"Shading Mode"},"sceneLighting":false,"audioPlay":false,"sceneViewState":{"m_AlwaysRefresh":false,"showFog":true,"showSkybox":false,"showFlares":true,"showImageEffects":true,"showParticleSystems":true,"showVisualEffectGraphs":true,"m_FxEnabled":true},"in2DMode":false,"pivot":{"x":0.01588606834411621,"y":0.06775403022766113,"z":-0.06877923011779785},"rotation":{"x":-0.1860763132572174,"y":0.5146453380584717,"z":-0.11552227288484574,"w":-0.8289593458175659},"size":5.759871006011963,"orthographic":false}