{"cameraMode":{"drawMode":0,"name":"Shaded","section":"Shading Mode"},"sceneLighting":false,"audioPlay":false,"sceneViewState":{"m_AlwaysRefresh":false,"showFog":true,"showSkybox":false,"showFlares":true,"showImageEffects":true,"showParticleSystems":true,"showVisualEffectGraphs":true,"m_FxEnabled":true},"in2DMode":false,"pivot":{"x":-22.919998168945314,"y":-0.4592132568359375,"z":-2.0351333618164064},"rotation":{"x":-0.0048090675845742229,"y":-0.0009050421067513526,"z":0.000006669391950708814,"w":-0.9999698996543884},"size":1.3438490629196168,"orthographic":true}