{"cameraMode":{"drawMode":0,"name":"Shaded","section":"Shading Mode"},"sceneLighting":false,"audioPlay":false,"sceneViewState":{"m_AlwaysRefresh":false,"showFog":true,"showSkybox":false,"showFlares":true,"showImageEffects":true,"showParticleSystems":true,"showVisualEffectGraphs":true,"m_FxEnabled":true},"in2DMode":false,"pivot":{"x":0.8599417209625244,"y":1.1920928955078126e-7,"z":0.7112520933151245},"rotation":{"x":-0.28314024209976199,"y":0.40462687611579897,"z":-0.13333074748516084,"w":-0.8592644333839417},"size":2.45951247215271,"orthographic":false}