{"cameraMode":{"drawMode":0,"name":"Shaded","section":"Shading Mode"},"sceneLighting":false,"audioPlay":false,"sceneViewState":{"m_AlwaysRefresh":false,"showFog":true,"showSkybox":false,"showFlares":true,"showImageEffects":true,"showParticleSystems":true,"showVisualEffectGraphs":true,"m_FxEnabled":true},"in2DMode":false,"pivot":{"x":0.45939186215400698,"y":1.3837521076202393,"z":0.03737151622772217},"rotation":{"x":-0.01080864854156971,"y":0.008094784803688527,"z":-0.00009399462578585371,"w":-0.9998975992202759},"size":3.896101236343384,"orthographic":false}