{"cameraMode":{"drawMode":0,"name":"Shaded","section":"Shading Mode"},"sceneLighting":false,"audioPlay":false,"sceneViewState":{"m_AlwaysRefresh":false,"showFog":true,"showSkybox":false,"showFlares":true,"showImageEffects":true,"showParticleSystems":true,"showVisualEffectGraphs":true,"m_FxEnabled":true},"in2DMode":false,"pivot":{"x":1.4282690286636353,"y":0.8881760835647583,"z":0.9552991390228272},"rotation":{"x":-0.1276991218328476,"y":-0.0030786178540438415,"z":-0.0004816227010451257,"w":0.991809070110321},"size":3.161787509918213,"orthographic":false}