{"cameraMode":{"drawMode":0,"name":"Shaded","section":"Shading Mode"},"sceneLighting":false,"audioPlay":false,"sceneViewState":{"m_AlwaysRefresh":false,"showFog":true,"showSkybox":false,"showFlares":true,"showImageEffects":true,"showParticleSystems":true,"showVisualEffectGraphs":true,"m_FxEnabled":true},"in2DMode":false,"pivot":{"x":2.5907506942749025,"y":0.748667299747467,"z":2.3899381160736086},"rotation":{"x":-0.0018044025637209416,"y":-0.0758296474814415,"z":0.0001337415014859289,"w":-0.9971078634262085},"size":4.899254322052002,"orthographic":false}