{"cameraMode":{"drawMode":0,"name":"Shaded","section":"Shading Mode"},"sceneLighting":false,"audioPlay":false,"sceneViewState":{"m_AlwaysRefresh":false,"showFog":true,"showSkybox":false,"showFlares":true,"showImageEffects":true,"showParticleSystems":true,"showVisualEffectGraphs":true,"m_FxEnabled":true},"in2DMode":false,"pivot":{"x":0.04897564649581909,"y":0.5071170926094055,"z":-0.008247137069702149},"rotation":{"x":-0.28314024209976199,"y":0.40462687611579897,"z":-0.13333074748516084,"w":-0.8592644333839417},"size":0.7774959206581116,"orthographic":false}