{"cameraMode":{"drawMode":0,"name":"Shaded","section":"Shading Mode"},"sceneLighting":false,"audioPlay":false,"sceneViewState":{"m_AlwaysRefresh":false,"showFog":true,"showSkybox":false,"showFlares":true,"showImageEffects":true,"showParticleSystems":true,"showVisualEffectGraphs":true,"m_FxEnabled":true},"in2DMode":false,"pivot":{"x":0.12250018119812012,"y":0.08949577808380127,"z":-0.010836601257324219},"rotation":{"x":-0.1860763132572174,"y":0.5146453380584717,"z":-0.11552227288484574,"w":-0.8289593458175659},"size":3.063314914703369,"orthographic":false}