{"cameraMode":{"drawMode":0,"name":"Shaded","section":"Shading Mode"},"sceneLighting":false,"audioPlay":false,"sceneViewState":{"m_AlwaysRefresh":false,"showFog":true,"showSkybox":false,"showFlares":true,"showImageEffects":true,"showParticleSystems":true,"showVisualEffectGraphs":true,"m_FxEnabled":true},"in2DMode":false,"pivot":{"x":0.3173881769180298,"y":0.35050928592681887,"z":0.016922444105148317},"rotation":{"x":-0.2072494477033615,"y":0.228534534573555,"z":-0.049860138446092609,"w":-0.9499176144599915},"size":0.4307764768600464,"orthographic":false}